{"cameraMode":{"drawMode":0,"name":"Shaded","section":"Shading Mode"},"sceneLighting":true,"audioPlay":false,"sceneViewState":{"m_AlwaysRefresh":false,"showFog":true,"showSkybox":true,"showFlares":true,"showImageEffects":true,"showParticleSystems":true,"showVisualEffectGraphs":true,"m_FxEnabled":true},"in2DMode":false,"pivot":{"x":-2.4064652919769289,"y":3.12139892578125,"z":-10.26546573638916},"rotation":{"x":0.0173930823802948,"y":-0.019493304193019868,"z":0.0004998616059310734,"w":0.9995827674865723},"size":0.8660253882408142,"orthographic":false}